PassengerId,Survived,Pclass,Name,Sex,Age,SibSp,Parch,Ticket,Fare,Cabin,Embarked
1,0,3,"Braund, Mr. Owen Harris",male,21.362325094210657,1,0,A/5 21171,7.25,,S
2,1,1,"Cumings, Mrs. John Bradley (Florence Briggs Thayer)",female,39.1169161413317,1,0,PC 17599,71.2833,C85,C
3,1,3,"Heikkinen, Miss. Laina",female,26.51315884941274,0,0,STON/O2. 3101282,7.925,,S
4,1,1,"Futrelle, Mrs. Jacques Heath (Lily May Peel)",female,34.04058398754042,1,0,113803,53.1,C123,S
5,0,3,"Allen, Mr. William Henry",male,33.605505144331474,0,0,373450,8.05,,S
6,0,3,"Moran, Mr. James",male,28.289442281524963,0,0,330877,8.4583,,Q
7,0,1,"McCarthy, Mr. Timothy J",male,55.09224253032678,0,0,17463,51.8625,E46,S
8,0,3,"Palsson, Master. Gosta Leonard",male,2.1336090881587273,3,1,349909,21.075,,S
9,1,3,"Johnson, Mrs. Oscar W (Elisabeth Vilhelmina Berg)",female,26.88152772919752,0,2,347742,11.1333,,S
10,1,2,"Nasser, Mrs. Nicholas (Adele Achem)",female,13.643327202582112,1,0,237736,30.0708,,C
11,1,3,"Sandstrom, Miss. Marguerite Rut",female,4.447610141903618,1,1,PP 9549,16.7,G6,S
12,1,1,"Bonnell, Miss. Elizabeth",female,58.74384684634888,0,0,113783,26.55,C103,S
13,0,3,"Saundercock, Mr. William Henry",male,19.40475990231246,0,0,A/5. 2151,8.05,,S
14,0,3,"Andersson, Mr. Anders Johan",male,38.24047961563645,1,5,347082,31.275,,S
15,0,3,"Vestrom, Miss. Hulda Amanda Adolfina",female,11.732409299360322,0,0,350406,7.8542,,S
16,1,2,"Hewlett, Mrs. (Mary D Kingcome) ",female,57.113649417462604,0,0,248706,16.0,,S
17,0,3,"Rice, Master. Eugene",male,3.444851346705933,4,1,382652,29.125,,Q
18,1,2,"Williams, Mr. Charles Eugene",male,28.137588410333947,0,0,244373,13.0,,S
19,0,3,"Vander Planke, Mrs. Julius (Emelia Maria Vandemoortele)",female,30.50942032635057,1,0,345763,18.0,,S
20,1,3,"Masselmani, Mrs. Fatima",female,27.53413742119758,0,0,2649,7.225,,C
21,0,2,"Fynney, Mr. Joseph J",male,33.092070223292154,0,0,239865,26.0,,S
22,1,2,"Beesley, Mr. Lawrence",male,33.51264393688527,0,0,248698,13.0,D56,S
23,1,3,"McGowan, Miss. Anna ""Annie""",female,16.467060165912162,0,0,330923,8.0292,,Q
25,0,3,"Palsson, Miss. Torborg Danira",female,7.419396651716113,3,1,349909,21.075,,S
26,1,3,"Asplund, Mrs. Carl Oscar (Selma Augusta Emilia Johansson)",female,39.82747838105678,1,5,347077,31.3875,,S
27,0,3,"Emir, Mr. Farred Chehab",male,28.712178512182355,0,0,2631,7.225,,C
28,0,1,"Fortune, Mr. Charles Alexander",male,19.222377390519334,3,2,19950,263.0,C23 C25 C27,S
29,1,3,"O'Dwyer, Miss. Ellen ""Nellie""",female,29.561374721450044,0,0,330959,7.8792,,Q
30,0,3,"Todoroff, Mr. Lalio",male,28.563622707151023,0,0,349216,7.8958,,S
32,1,1,"Spencer, Mrs. William Augustus (Marie Eugenie)",female,28.55135353638647,1,0,PC 17569,146.5208,B78,C
33,1,3,"Glynn, Miss. Mary Agatha",female,25.56148200404095,0,0,335677,7.75,,Q
34,0,2,"Wheadon, Mr. Edward H",male,65.78412357021152,0,0,C.A. 24579,10.5,,S
35,0,1,"Meyer, Mr. Edgar Joseph",male,28.71252517250134,1,0,PC 17604,82.1708,,C
36,0,1,"Holverson, Mr. Alexander Oskar",male,43.70674868495498,1,0,113789,52.0,,S
37,1,3,"Mamee, Mr. Hanna",male,28.329424157990104,0,0,2677,7.2292,,C
38,0,3,"Cann, Mr. Ernest Charles",male,20.652366125636718,0,0,A./5. 2152,8.05,,S
39,0,3,"Vander Planke, Miss. Augusta Maria",female,17.470238898401067,2,0,345764,18.0,,S
41,0,3,"Ahlin, Mrs. Johan (Johanna Persdotter Larsson)",female,41.126305436978384,1,0,7546,9.475,,S
42,0,2,"Turpin, Mrs. William John Robert (Dorothy Ann Wonnacott)",female,28.058949440979216,1,0,11668,21.0,,S
43,0,3,"Kraeff, Mr. Theodor",male,26.59902033921828,0,0,349253,7.8958,,C
44,1,2,"Laroche, Miss. Simonne Marie Anne Andree",female,3.2234050478128955,1,2,SC/Paris 2123,41.5792,,C
46,0,3,"Rogers, Mr. William John",male,28.84442654179909,0,0,S.C./A.4. 23567,8.05,,S
47,0,3,"Lennon, Mr. Denis",male,28.75589019984893,1,0,370371,15.5,,Q
48,1,3,"O'Driscoll, Miss. Bridget",female,28.861052379941558,0,0,14311,7.75,,Q
49,0,3,"Samaan, Mr. Youssef",male,29.332341604925716,2,0,2662,21.6792,,C
50,0,3,"Arnold-Franchi, Mrs. Josef (Josefine Franchi)",female,17.812647934070714,1,0,349237,17.8,,S
51,0,3,"Panula, Master. Juha Niilo",male,6.355951541545986,4,1,3101295,39.6875,,S
52,0,3,"Nosworthy, Mr. Richard Cater",male,20.580353052432937,0,0,A/4. 39886,7.8,,S
53,1,1,"Harper, Mrs. Henry Sleeper (Myna Haxtun)",female,47.95122887124485,1,0,PC 17572,76.7292,D33,C
54,1,2,"Faunthorpe, Mrs. Lizzie (Elizabeth Anne Wilkinson)",female,29.462640348152632,1,0,2926,26.0,,S
55,0,1,"Ostby, Mr. Engelhart Cornelius",male,64.82318685664349,0,1,113509,61.9792,B30,C
56,1,1,"Woolner, Mr. Hugh",male,28.88607695837016,0,0,19947,35.5,C52,S
57,1,2,"Rugg, Miss. Emily",female,20.49146016781294,0,0,C.A. 31026,10.5,,S
58,0,3,"Novel, Mr. Mansouer",male,29.6939753435393,0,0,2697,7.2292,,C
59,1,2,"West, Miss. Constance Mirium",female,5.257204903032267,1,2,C.A. 34651,27.75,,S
60,0,3,"Goodwin, Master. William Frederick",male,11.398801883562417,5,2,CA 2144,46.9,,S
61,0,3,"Sirayanian, Mr. Orsen",male,21.91530976365155,0,0,2669,7.2292,,C
62,1,1,"Icard, Miss. Amelie",female,38.657595630359495,0,0,113572,80.0,B28,
63,0,1,"Harris, Mr. Henry Birkhardt",male,45.47848994279158,1,0,36973,83.475,C83,S
65,0,1,"Stewart, Mr. Albert A",male,28.280519140170234,0,0,PC 17605,27.7208,,C
66,1,3,"Moubarek, Master. Gerios",male,27.53698475255578,1,1,2661,15.2458,,C
69,1,3,"Andersson, Miss. Erna Alexandra",female,15.331911301446013,4,2,3101281,7.925,,S
70,0,3,"Kink, Mr. Vincenz",male,27.698758950285004,2,0,315151,8.6625,,S
72,0,3,"Goodwin, Miss. Lillian Amy",female,15.498920249529979,5,2,CA 2144,46.9,,S
74,0,3,"Chronopoulos, Mr. Apostolos",male,27.136131300164447,1,0,2680,14.4542,,C
75,1,3,"Bing, Mr. Lee",male,32.13421293130683,0,0,1601,56.4958,,S
76,0,3,"Moen, Mr. Sigurd Hansen",male,23.12987887400837,0,0,348123,7.65,F G73,S
78,0,3,"Moutal, Mr. Rahamin Haim",male,27.910432404939858,0,0,374746,8.05,,S
79,1,2,"Caldwell, Master. Alden Gates",male,1.0509858067773976,0,2,248738,29.0,,S
80,1,3,"Dowdell, Miss. Elizabeth",female,30.01544918479688,0,0,364516,12.475,,S
81,0,3,"Waelens, Mr. Achille",male,21.757542924964817,0,0,345767,9.0,,S
82,1,3,"Sheerlinck, Mr. Jan Baptist",male,28.511231670423363,0,0,345779,9.5,,S
83,1,3,"McDermott, Miss. Brigdet Delia",female,27.98942047547329,0,0,330932,7.7875,,Q
84,0,1,"Carrau, Mr. Francisco M",male,29.17098549472496,0,0,113059,47.1,,S
85,1,2,"Ilett, Miss. Bertha",female,18.06641578787832,0,0,SO/C 14885,10.5,,S
86,1,3,"Backstrom, Mrs. Karl Alfred (Maria Mathilda Gustafsson)",female,33.48936187398472,3,0,3101278,15.85,,S
88,0,3,"Slocovski, Mr. Selman Francis",male,29.16142559691857,0,0,SOTON/OQ 392086,8.05,,S
89,1,1,"Fortune, Miss. Mabel Helen",female,21.57699142284799,3,2,19950,263.0,C23 C25 C27,S
90,0,3,"Celotti, Mr. Francesco",male,23.557323450785802,0,0,343275,8.05,,S
91,0,3,"Christmann, Mr. Emil",male,28.766486207411887,0,0,343276,8.05,,S
92,0,3,"Andreasson, Mr. Paul Edvin",male,19.742893696672066,0,0,347466,7.8542,,S
93,0,1,"Chaffee, Mr. Herbert Fuller",male,45.33096816643,1,0,W.E.P. 5734,61.175,E31,S
94,0,3,"Dean, Mr. Bertram Frank",male,26.346710823870623,1,2,C.A. 2315,20.575,,S
95,0,3,"Coxon, Mr. Daniel",male,57.748767860120594,0,0,364500,7.25,,S
96,0,3,"Shorney, Mr. Charles Joseph",male,29.205525704824694,0,0,374910,8.05,,S
97,0,1,"Goldschmidt, Mr. George B",male,71.98489543721547,0,0,PC 17754,34.6542,A5,C
98,1,1,"Greenfield, Mr. William Bertram",male,21.005055959885333,0,1,PC 17759,63.3583,D10 D12,C
99,1,2,"Doling, Mrs. John T (Ada Julia Bone)",female,32.655714193828025,0,1,231919,23.0,,S
100,0,2,"Kantor, Mr. Sinai",male,33.97976359596309,1,0,244367,26.0,,S
101,0,3,"Petranec, Miss. Matilda",female,28.191732512893335,0,0,349245,7.8958,,S
102,0,3,"Petroff, Mr. Pastcho (""Pentcho"")",male,27.800530693118734,0,0,349215,7.8958,,S
103,0,1,"White, Mr. Richard Frasar",male,22.96432952300559,0,1,35281,77.2875,D26,S
104,0,3,"Johansson, Mr. Gustaf Joel",male,34.48590194712588,0,0,7540,8.6542,,S
105,0,3,"Gustafsson, Mr. Anders Vilhelm",male,35.40095137836861,2,0,3101276,7.925,,S
106,0,3,"Mionoff, Mr. Stoytcho",male,29.36772014474991,0,0,349207,7.8958,,S
107,1,3,"Salkjelsvik, Miss. Anna Kristine",female,21.197130188776075,0,0,343120,7.65,,S
108,1,3,"Moss, Mr. Albert Johan",male,29.176027741454856,0,0,312991,7.775,,S
109,0,3,"Rekic, Mr. Tido",male,37.35744667673019,0,0,349249,7.8958,,S
110,1,3,"Moran, Miss. Bertha",female,28.064919882198726,1,0,371110,24.15,,Q
112,0,3,"Zabour, Miss. Hileni",female,13.762963181088612,1,0,2665,14.4542,,C
113,0,3,"Barton, Mr. David John",male,20.576759552744484,0,0,324669,8.05,,S
114,0,3,"Jussila, Miss. Katriina",female,18.37599194884404,1,0,4136,9.825,,S
115,0,3,"Attalah, Miss. Malake",female,19.206308813207286,0,0,2627,14.4583,,C
116,0,3,"Pekoniemi, Mr. Edvard",male,19.35264906268771,0,0,STON/O 2. 3101294,7.925,,S
117,0,3,"Connors, Mr. Patrick",male,70.09002017841992,0,0,370369,7.75,,Q
118,0,2,"Turpin, Mr. William John Robert",male,31.065081567505025,1,0,11668,21.0,,S
119,0,1,"Baxter, Mr. Quigg Edmond",male,23.619977763241675,0,1,PC 17558,247.5208,B58 B60,C
120,0,3,"Andersson, Miss. Ellis Anna Maria",female,3.959085587510307,4,2,347082,31.275,,S
122,0,3,"Moore, Mr. Leonard Charles",male,28.0159699280196,0,0,A4. 54510,8.05,,S
123,0,2,"Nasser, Mr. Nicholas",male,35.354091888314656,1,0,237736,30.0708,,C
124,1,2,"Webber, Miss. Susan",female,32.26175459632864,0,0,27267,13.0,E101,S
125,0,1,"White, Mr. Percival Wayland",male,52.296842127712935,0,1,35281,77.2875,D26,S
126,1,3,"Nicola-Yarred, Master. Elias",male,12.083122569215364,1,0,2651,11.2417,,C
127,0,3,"McMahon, Mr. Martin",male,26.267073396367614,0,0,370372,7.75,,Q
128,1,3,"Madsen, Mr. Fridtjof Arne",male,23.788297765296324,0,0,C 17369,7.1417,,S
129,1,3,"Peter, Miss. Anna",female,29.45966871441765,1,1,2668,22.3583,F E69,C
130,0,3,"Ekstrom, Mr. Johan",male,44.77097820300314,0,0,347061,6.975,,S
131,0,3,"Drazenoic, Mr. Jozef",male,34.01207654785809,0,0,349241,7.8958,,C
132,0,3,"Coelho, Mr. Domingos Fernandeo",male,19.786018712713545,0,0,SOTON/O.Q. 3101307,7.05,,S
133,0,3,"Robins, Mrs. Alexander A (Grace Charity Laury)",female,47.48807664059936,1,0,A/5. 3337,14.5,,S
134,1,2,"Weisz, Mrs. Leopold (Mathilde Francoise Pede)",female,28.823335009498916,1,0,228414,26.0,,S
135,0,2,"Sobey, Mr. Samuel James Hayden",male,25.530502115339416,0,0,C.A. 29178,13.0,,S
136,0,2,"Richard, Mr. Emile",male,23.677159620972372,0,0,SC/PARIS 2133,15.0458,,C
139,0,3,"Osen, Mr. Olaf Elon",male,17.1711948558588,0,0,7534,9.2167,,S
140,0,1,"Giglio, Mr. Victor",male,23.912342759909002,0,0,PC 17593,79.2,B86,C
141,0,3,"Boulos, Mrs. Joseph (Sultana)",female,25.43493277891309,0,2,2678,15.2458,,C
143,1,3,"Hakkarainen, Mrs. Pekka Pietari (Elin Matilda Dolck)",female,24.17203365491899,1,0,STON/O2. 3101279,15.85,,S
144,0,3,"Burke, Mr. Jeremiah",male,19.10145472527049,0,0,365222,6.75,,Q
145,0,2,"Andrew, Mr. Edgardo Samuel",male,17.942894587688105,0,0,231945,11.5,,S
146,0,2,"Nicholls, Mr. Joseph Charles",male,18.179643203951336,1,1,C.A. 33112,36.75,,S
147,1,3,"Andersson, Mr. August Edvard (""Wennerstrom"")",male,28.147128540284793,0,0,350043,7.7958,,S
148,0,3,"Ford, Miss. Robina Maggie ""Ruby""",female,8.309242945638838,2,2,W./C. 6608,34.375,,S
149,0,2,"Navratil, Mr. Michel (""Louis M Hoffman"")",male,37.02338620862371,0,2,230080,26.0,F2,S
150,0,2,"Byles, Rev. Thomas Roussel Davids",male,41.929633511531684,0,0,244310,13.0,,S
151,0,2,"Bateman, Rev. Robert James",male,51.846336934515584,0,0,S.O.P. 1166,12.525,,S
152,1,1,"Pears, Mrs. Thomas (Edith Wearne)",female,23.976866931904805,1,0,113776,66.6,C2,S
153,0,3,"Meo, Mr. Alfonzo",male,54.98819373640495,0,0,A.5. 11206,8.05,,S
154,0,3,"van Billiard, Mr. Austin Blyler",male,40.96304313156883,0,2,A/5. 851,14.5,,S
155,0,3,"Olsen, Mr. Ole Martin",male,26.809287030369614,0,0,Fa 265302,7.3125,,S
156,0,1,"Williams, Mr. Charles Duane",male,49.819707986679816,0,1,PC 17597,61.3792,,C
157,1,3,"Gilnagh, Miss. Katherine ""Katie""",female,15.200932216133829,0,0,35851,7.7333,,Q
158,0,3,"Corn, Mr. Harry",male,30.411942199993117,0,0,SOTON/OQ 392090,8.05,,S
159,0,3,"Smiljanic, Mr. Mile",male,26.573674976531755,0,0,315037,8.6625,,S
160,0,3,"Sage, Master. Thomas Henry",male,29.822109401528643,8,2,CA. 2343,69.55,,S
161,0,3,"Cribb, Mr. John Hatfield",male,43.456233023806,0,1,371362,16.1,,S
162,1,2,"Watt, Mrs. James (Elizabeth ""Bessie"" Inglis Milne)",female,38.733426233346734,0,0,C.A. 33595,15.75,,S
163,0,3,"Bengtsson, Mr. John Viktor",male,24.62592144057727,0,0,347068,7.775,,S
164,0,3,"Calic, Mr. Jovo",male,16.713710883841944,0,0,315093,8.6625,,S
165,0,3,"Panula, Master. Eino Viljami",male,1.189195728090583,4,1,3101295,39.6875,,S
167,1,1,"Chibnall, Mrs. (Edith Martha Bowerman)",female,27.33253818445522,0,1,113505,55.0,E33,S
168,0,3,"Skoog, Mrs. William (Anna Bernhardina Karlsson)",female,44.24443007293707,1,4,347088,27.9,,S
170,0,3,"Ling, Mr. Lee",male,27.485943419670072,0,0,1601,56.4958,,S
171,0,1,"Van der hoef, Mr. Wyckoff",male,62.22988759616763,0,0,111240,33.5,B19,S
172,0,3,"Rice, Master. Arthur",male,3.2884355594932546,4,1,382652,29.125,,Q
173,1,3,"Johnson, Miss. Eleanor Ileen",female,0.9819835938854826,1,1,347742,11.1333,,S
174,0,3,"Sivola, Mr. Antti Wilhelm",male,19.394848023880588,0,0,STON/O 2. 3101280,7.925,,S
176,0,3,"Klasen, Mr. Klas Albin",male,17.310416124396628,1,1,350404,7.8542,,S
177,0,3,"Lefebre, Master. Henry Forbes",male,28.77282327500997,3,1,4133,25.4667,,S
178,0,1,"Isham, Miss. Ann Elizabeth",female,51.46888944440208,0,0,PC 17595,28.7125,C49,C
179,0,2,"Hale, Mr. Reginald",male,29.789706433335386,0,0,250653,13.0,,S
180,0,3,"Leonard, Mr. Lionel",male,34.14649641491116,0,0,LINE,0.0,,S
181,0,3,"Sage, Miss. Constance Gladys",female,28.678120133174975,8,2,CA. 2343,69.55,,S
182,0,2,"Pernot, Mr. Rene",male,29.009705021976433,0,0,SC/PARIS 2131,15.05,,C
183,0,3,"Asplund, Master. Clarence Gustaf Hugo",male,8.614967421346723,4,2,347077,31.3875,,S
184,1,2,"Becker, Master. Richard F",male,0.0,2,1,230136,39.0,F4,S
185,1,3,"Kink-Heilmann, Miss. Luise Gretchen",female,2.8193620027361708,0,2,315153,22.025,,S
186,0,1,"Rood, Mr. Hugh Roscoe",male,28.234343955715197,0,0,113767,50.0,A32,S
187,1,3,"O'Brien, Mrs. Thomas (Johanna ""Hannah"" Godfrey)",female,26.043261898714707,1,0,370365,15.5,,Q
188,1,1,"Romaine, Mr. Charles Hallace (""Mr C Rolmane"")",male,44.185771600804884,0,0,111428,26.55,,S
189,0,3,"Bourke, Mr. John",male,38.9578875923697,1,1,364849,15.5,,Q
190,0,3,"Turcin, Mr. Stjepan",male,37.327818353279646,0,0,349247,7.8958,,S
191,1,2,"Pinsky, Mrs. (Rosa)",female,31.704745525523922,0,0,234604,13.0,,S
192,0,2,"Carbines, Mr. William",male,17.79961852000413,0,0,28424,13.0,,S
194,1,2,"Navratil, Master. Michel M",male,2.7614348083463693,1,1,230080,26.0,F2,S
195,1,1,"Brown, Mrs. James Joseph (Margaret Tobin)",female,43.94434983744822,0,0,PC 17610,27.7208,B4,C
196,1,1,"Lurette, Miss. Elise",female,57.47603201293227,0,0,PC 17569,146.5208,B80,C
198,0,3,"Olsen, Mr. Karl Siegwart Andreas",male,40.92673532747767,0,1,4579,8.4042,,S
200,0,2,"Yrois, Miss. Henriette (""Mrs Harbeck"")",female,24.414070676243142,0,0,248747,13.0,,S
201,0,3,"Vande Walle, Mr. Nestor Cyriel",male,28.439181097231117,0,0,345770,9.5,,S
202,0,3,"Sage, Mr. Frederick",male,29.08064162127046,8,2,CA. 2343,69.55,,S
203,0,3,"Johanson, Mr. Jakob Alfred",male,34.21236463061544,0,0,3101264,6.4958,,S
204,0,3,"Youseff, Mr. Gerious",male,47.7820665891084,0,0,2628,7.225,,C
206,0,3,"Strom, Miss. Telma Matilda",female,1.657402379294656,0,1,347054,10.4625,G6,S
207,0,3,"Backstrom, Mr. Karl Alfred",male,31.713369046802963,1,0,3101278,15.85,,S
208,1,3,"Albimona, Mr. Nassef Cassem",male,25.57162156705617,0,0,2699,18.7875,,C
210,1,1,"Blank, Mr. Henry",male,40.61589650259002,0,0,112277,31.0,A31,C
213,0,3,"Perkin, Mr. John Henry",male,21.582599757256343,0,0,A/5 21174,7.25,,S
214,0,2,"Givard, Mr. Hans Kristensen",male,30.304213402604336,0,0,250646,13.0,,S
215,0,3,"Kiernan, Mr. Philip",male,28.33612448660552,1,0,367229,7.75,,Q
217,1,3,"Honkanen, Miss. Eliina",female,25.0555603888423,0,0,STON/O2. 3101283,7.925,,S
218,0,2,"Jacobsohn, Mr. Sidney Samuel",male,40.6787832619716,1,0,243847,27.0,,S
219,1,1,"Bazzani, Miss. Albina",female,32.42576715651484,0,0,11813,76.2917,D15,C
220,0,2,"Harris, Mr. Walter",male,29.909137290359894,0,0,W/C 14208,10.5,,S
221,1,3,"Sunderland, Mr. Victor Francis",male,14.828547163731491,0,0,SOTON/OQ 392089,8.05,,S
222,0,2,"Bracken, Mr. James H",male,27.296038640974274,0,0,220367,13.0,,S
223,0,3,"Green, Mr. George Henry",male,49.467140391395084,0,0,21440,8.05,,S
224,0,3,"Nenkoff, Mr. Christo",male,27.94760351019263,0,0,349234,7.8958,,S
225,1,1,"Hoyt, Mr. Frederick Maxfield",male,37.59798322479398,1,0,19943,90.0,C93,S
226,0,3,"Berglund, Mr. Karl Ivar Sven",male,20.40543698735813,0,0,PP 4348,9.35,,S
227,1,2,"Mellors, Mr. William John",male,20.692526488733176,0,0,SW/PP 751,10.5,,S
228,0,3,"Lovell, Mr. John Hall (""Henry"")",male,20.79496296377347,0,0,A/5 21173,7.25,,S
229,0,2,"Fahlstrom, Mr. Arne Jonas",male,18.204832925077703,0,0,236171,13.0,,S
230,0,3,"Lefebre, Miss. Mathilde",female,27.92647678142491,3,1,4133,25.4667,,S
231,1,1,"Harris, Mrs. Henry Birkhardt (Irene Wallach)",female,33.77663369442727,1,0,36973,83.475,C83,S
232,0,3,"Larsson, Mr. Bengt Edvin",male,28.545948268366182,0,0,347067,7.775,,S
233,0,2,"Sjostedt, Mr. Ernst Adolf",male,60.41741352526501,0,0,237442,13.5,,S
234,1,3,"Asplund, Miss. Lillian Gertrud",female,4.371978697741535,4,2,347077,31.3875,,S
235,0,2,"Leyson, Mr. Robert William Norman",male,26.58909587549844,0,0,C.A. 29566,10.5,,S
237,0,2,"Hold, Mr. Stephen",male,44.785464795677996,1,0,26707,26.0,,S
238,1,2,"Collyer, Miss. Marjorie ""Lottie""",female,7.584801687031475,0,2,C.A. 31921,26.25,,S
239,0,2,"Pengelly, Mr. Frederick William",male,19.671021993510184,0,0,28665,10.5,,S
240,0,2,"Hunt, Mr. George Henry",male,33.20773652658492,0,0,SCO/W 1585,12.275,,S
241,0,3,"Zabour, Miss. Thamine",female,27.820955578571407,1,0,2665,14.4542,,C
242,1,3,"Murphy, Miss. Katherine ""Kate""",female,29.83094461369599,1,0,367230,15.5,,Q
243,0,2,"Coleridge, Mr. Reginald Charles",male,27.47068988023011,0,0,W./C. 14263,10.5,,S
244,0,3,"Maenpaa, Mr. Matti Alexanteri",male,22.1502443254705,0,0,STON/O 2. 3101275,7.125,,S
246,0,1,"Minahan, Dr. William Edward",male,44.4405288920445,2,0,19928,90.0,C78,Q
247,0,3,"Lindahl, Miss. Agda Thorilda Viktoria",female,23.7876421511024,0,0,347071,7.775,,S
248,1,2,"Hamalainen, Mrs. William (Anna)",female,23.78717452745554,0,2,250649,14.5,,S
249,1,1,"Beckwith, Mr. Richard Leonard",male,36.67012740439703,1,1,11751,52.5542,D35,S
250,0,2,"Carter, Rev. Ernest Courtenay",male,51.860140148838525,1,0,244252,26.0,,S
252,0,3,"Strom, Mrs. Wilhelm (Elna Matilda Persson)",female,29.79665895716569,1,1,347054,10.4625,G6,S
253,0,1,"Stead, Mr. William Thomas",male,62.33085480387219,0,0,113514,26.55,C87,S
254,0,3,"Lobb, Mr. William Arthur",male,30.90900353307926,1,0,A/5. 3336,16.1,,S
256,1,3,"Touma, Mrs. Darwis (Hanne Youssef Razi)",female,29.34639658972485,0,2,2650,15.2458,,C
257,1,1,"Thorne, Mrs. Gertrude Maybelle",female,27.155278105872387,0,0,PC 17585,79.2,,C
258,1,1,"Cherry, Miss. Gladys",female,29.732460729360696,0,0,110152,86.5,B77,S
259,1,1,"Ward, Miss. Anna",female,34.882131994963665,0,0,PC 17755,512.3292,,C
260,1,2,"Parrish, Mrs. (Lutie Davis)",female,48.664732149817134,0,1,230433,26.0,,S
261,0,3,"Smith, Mr. Thomas",male,27.185649657441754,0,0,384461,7.75,,Q
262,1,3,"Asplund, Master. Edvin Rojj Felix",male,4.74211365368239,4,2,347077,31.3875,,S
263,0,1,"Taussig, Mr. Emil",male,51.52406021827272,1,1,110413,79.65,E67,S
264,0,1,"Harrison, Mr. William",male,38.67826414797323,0,0,112059,0.0,B94,S
265,0,3,"Henry, Miss. Delia",female,27.890247591798115,0,0,382649,7.75,,Q
266,0,2,"Reeves, Mr. David",male,34.4974051753344,0,0,C.A. 17248,10.5,,S
268,1,3,"Persson, Mr. Ernst Ulrik",male,26.43794054521792,1,0,347083,7.775,,S
269,1,1,"Graham, Mrs. William Thompson (Edith Junkins)",female,57.56939212077835,0,1,PC 17582,153.4625,C125,S
270,1,1,"Bissette, Miss. Amelia",female,35.78146372558532,0,0,PC 17760,135.6333,C99,S
271,0,1,"Cairns, Mr. Alexander",male,27.968522594138832,0,0,113798,31.0,,S
272,1,3,"Tornquist, Mr. William Henry",male,25.048114483104836,0,0,LINE,0.0,,S
273,1,2,"Mellinger, Mrs. (Elizabeth Anne Maidment)",female,43.235623255516884,0,1,250644,19.5,,S
274,0,1,"Natsch, Mr. Charles H",male,37.91347140313016,0,1,PC 17596,29.7,C118,C
275,1,3,"Healy, Miss. Hanora ""Nora""",female,27.718984435057294,0,0,370375,7.75,,Q
276,1,1,"Andrews, Miss. Kornelia Theodosia",female,64.35960835857855,1,0,13502,77.9583,D7,S
277,0,3,"Lindblom, Miss. Augusta Charlotta",female,44.8559035290453,0,0,347073,7.75,,S
278,0,2,"Parkes, Mr. Francis ""Frank""",male,28.323347029581516,0,0,239853,0.0,,S
279,0,3,"Rice, Master. Eric",male,7.161814620307521,4,1,382652,29.125,,Q
280,1,3,"Abbott, Mrs. Stanton (Rosa Hunt)",female,36.21291111531511,1,1,C.A. 2673,20.25,,S
283,0,3,"de Pelsmaeker, Mr. Alfons",male,17.849601885772017,0,0,345778,9.5,,S
284,1,3,"Dorking, Mr. Edward Arthur",male,17.915892848477345,0,0,A/5. 10482,8.05,,S
285,0,1,"Smith, Mr. Richard William",male,27.581013926663918,0,0,113056,26.0,A19,S
286,0,3,"Stankovic, Mr. Ivan",male,33.68517743034401,0,0,349239,8.6625,,C
287,1,3,"de Mulder, Mr. Theodore",male,29.796722689005843,0,0,345774,9.5,,S
288,0,3,"Naidenoff, Mr. Penko",male,22.430253007927032,0,0,349206,7.8958,,S
289,1,2,"Hosono, Mr. Masabumi",male,40.62782281093003,0,0,237798,13.0,,S
290,1,3,"Connolly, Miss. Kate",female,24.450050685685245,0,0,370373,7.75,,Q
292,1,1,"Bishop, Mrs. Dickinson H (Helen Walton)",female,18.214059397204075,1,0,11967,91.0792,B49,C
293,0,2,"Levy, Mr. Rene Jacques",male,36.251988396570525,0,0,SC/Paris 2163,12.875,D,C
294,0,3,"Haas, Miss. Aloisia",female,20.915948324595874,0,0,349236,8.85,,S
296,0,1,"Lewy, Mr. Ervin G",male,28.083880793043736,0,0,PC 17612,27.7208,,C
297,0,3,"Hanna, Mr. Mansour",male,24.753916495582274,0,0,2693,7.2292,,C
298,0,1,"Allison, Miss. Helen Loraine",female,1.8541162323950078,1,2,113781,151.55,C22 C26,S
299,1,1,"Saalfeld, Mr. Adolphe",male,27.613559979379737,0,0,19988,30.5,C106,S
302,1,3,"McCoy, Mr. Bernard",male,27.630754203582246,2,0,367226,23.25,,Q
303,0,3,"Johnson, Mr. William Cahoone Jr",male,19.18862509044215,0,0,LINE,0.0,,S
304,1,2,"Keane, Miss. Nora A",female,27.76218996260286,0,0,226593,12.35,E101,Q
305,0,3,"Williams, Mr. Howard Hugh ""Harry""",male,28.52113051374881,0,0,A/5 2466,8.05,,S
306,1,1,"Allison, Master. Hudson Trevor",male,1.6845724788744987,1,2,113781,151.55,C22 C26,S
307,1,1,"Fleming, Miss. Margaret",female,29.15215556204395,0,0,17421,110.8833,,C
308,1,1,"Penasco y Castellana, Mrs. Victor de Satode (Maria Josefa Perez de Soto y Vallejo)",female,17.486941773501123,1,0,PC 17758,108.9,C65,C
309,0,2,"Abelson, Mr. Samuel",male,28.881868540347615,1,0,P/PP 3381,24.0,,C
311,1,1,"Hays, Miss. Margaret Bechstein",female,24.52999547190972,0,0,11767,83.1583,C54,C
314,0,3,"Hendekovic, Mr. Ignjac",male,26.48501297173448,0,0,349243,7.8958,,S
315,0,2,"Hart, Mr. Benjamin",male,42.7323833662334,1,1,F.C.C. 13529,26.25,,S
316,1,3,"Nilsson, Miss. Helmina Josefina",female,25.55071643865141,0,0,347470,7.8542,,S
317,1,2,"Kantor, Mrs. Sinai (Miriam Sternin)",female,23.695837368101614,1,0,244367,26.0,,S
318,0,2,"Moraweck, Dr. Ernest",male,53.67308088461375,0,0,29011,14.0,,S
319,1,1,"Wick, Miss. Mary Natalie",female,32.03105341033943,0,2,36928,164.8667,C7,S
321,0,3,"Dennis, Mr. Samuel",male,20.16933718943426,0,0,A/5 21172,7.25,,S
323,1,2,"Slayter, Miss. Hilda Mary",female,28.876488341422597,0,0,234818,12.35,,Q
324,1,2,"Caldwell, Mrs. Albert Francis (Sylvia Mae Harbaugh)",female,22.305497243159717,1,1,248738,29.0,,S
325,0,3,"Sage, Mr. George John Jr",male,28.06973834244587,8,2,CA. 2343,69.55,,S
326,1,1,"Young, Miss. Marie Grice",female,35.84656948358768,0,0,PC 17760,135.6333,C32,C
327,0,3,"Nysveen, Mr. Johan Hansen",male,61.233030321617846,0,0,345364,6.2375,,S
329,1,3,"Goldsmith, Mrs. Frank John (Emily Alice Brown)",female,30.983967025245434,1,1,363291,20.525,,S
330,1,1,"Hippach, Miss. Jean Gertrude",female,16.799768814719698,0,1,111361,57.9792,B18,C
331,1,3,"McCoy, Miss. Agnes",female,28.277326191814293,2,0,367226,23.25,,Q
332,0,1,"Partner, Mr. Austen",male,45.59358103428989,0,0,113043,28.5,C124,S
333,0,1,"Graham, Mr. George Edward",male,37.17041369841741,0,1,PC 17582,153.4625,C91,S
335,1,1,"Frauenthal, Mrs. Henry William (Clara Heinsheimer)",female,27.26819499379063,1,0,PC 17611,133.65,,S
336,0,3,"Denkoff, Mr. Mitto",male,28.648978341496136,0,0,349225,7.8958,,S
337,0,1,"Pears, Mr. Thomas Clinton",male,29.923322081808507,1,0,113776,66.6,C2,S
338,1,1,"Burns, Miss. Elizabeth Margaret",female,40.689103103600125,0,0,16966,134.5,E40,C
340,0,1,"Blackwell, Mr. Stephen Weart",male,46.26424343270669,0,0,113784,35.5,T,S
341,1,2,"Navratil, Master. Edmond Roger",male,2.4820908841311384,1,1,230080,26.0,F2,S
342,1,1,"Fortune, Miss. Alice Elizabeth",female,25.67394273436186,3,2,19950,263.0,C23 C25 C27,S
343,0,2,"Collander, Mr. Erik Gustaf",male,29.88561951444703,0,0,248740,13.0,,S
344,0,2,"Sedgwick, Mr. Charles Frederick Waddington",male,24.60089725079363,0,0,244361,13.0,,S
346,1,2,"Brown, Miss. Amelia ""Mildred""",female,22.918612337971986,0,0,248733,13.0,F33,S
347,1,2,"Smith, Miss. Marion Elsie",female,38.280521170546855,0,0,31418,13.0,,S
348,1,3,"Davison, Mrs. Thomas Henry (Mary E Finck)",female,28.356063543031954,1,0,386525,16.1,,S
349,1,3,"Coutts, Master. William Loch ""William""",male,3.4271146395398313,1,1,C.A. 37671,15.9,,S
350,0,3,"Dimic, Mr. Jovan",male,43.940421373469434,0,0,315088,8.6625,,S
352,0,1,"Williams-Lambert, Mr. Fletcher Fellows",male,28.047051988180634,0,0,113510,35.0,C128,S
353,0,3,"Elias, Mr. Tannous",male,15.259247668857949,1,1,2695,7.2292,,C
354,0,3,"Arnold-Franchi, Mr. Josef",male,24.46899434019179,1,0,349237,17.8,,S
355,0,3,"Yousif, Mr. Wazli",male,28.328754838608774,0,0,2647,7.225,,C
356,0,3,"Vanden Steen, Mr. Leo Peter",male,28.219241149970212,0,0,345783,9.5,,S
357,1,1,"Bowerman, Miss. Elsie Edith",female,21.153335496091223,0,1,113505,55.0,E33,S
359,1,3,"McGovern, Miss. Mary",female,28.489988168740584,0,0,330931,7.8792,,Q
360,1,3,"Mockler, Miss. Helen Mary ""Ellie""",female,27.8398309374623,0,0,330980,7.8792,,Q
362,0,2,"del Carlo, Mr. Sebastiano",male,28.269170374248542,1,0,SC/PARIS 2167,27.7208,,C
364,0,3,"Asim, Mr. Adola",male,33.86367425859973,0,0,SOTON/O.Q. 3101310,7.05,,S
365,0,3,"O'Brien, Mr. Thomas",male,30.18486599413362,1,0,370365,15.5,,Q
366,0,3,"Adahl, Mr. Mauritz Nils Martin",male,28.846867797118346,0,0,C 7076,7.25,,S
367,1,1,"Warren, Mrs. Frank Manley (Anna Sophia Atkinson)",female,57.49576555754367,1,0,110813,75.25,D37,C
368,1,3,"Moussa, Mrs. (Mantoura Boulos)",female,27.807352566853922,0,0,2626,7.2292,,C
369,1,3,"Jermyn, Miss. Annie",female,27.862168697412596,0,0,14313,7.75,,Q
370,1,1,"Aubart, Mme. Leontine Pauline",female,24.220041856360574,0,0,PC 17477,69.3,B35,C
371,1,1,"Harder, Mr. George Achilles",male,23.681091604397153,1,0,11765,55.4417,E50,C
372,0,3,"Wiklund, Mr. Jakob Alfred",male,16.610649971453025,1,0,3101267,6.4958,,S
373,0,3,"Beavan, Mr. William Thomas",male,19.707218800472013,0,0,323951,8.05,,S
374,0,1,"Ringhini, Mr. Sante",male,21.621581278194345,0,0,PC 17760,135.6333,,C
375,0,3,"Palsson, Miss. Stina Viola",female,3.6406587412565505,3,1,349909,21.075,,S
376,1,1,"Meyer, Mrs. Edgar Joseph (Leila Saks)",female,28.777361939387255,1,0,PC 17604,82.1708,,C
377,1,3,"Landergren, Miss. Aurora Adelia",female,22.18978614552644,0,0,C 7077,7.25,,S
378,0,1,"Widener, Mr. Harry Elkins",male,25.70666748227774,0,2,113503,211.5,C82,C
379,0,3,"Betros, Mr. Tannous",male,21.577651326739268,0,0,2648,4.0125,,C
380,0,3,"Gustafsson, Mr. Karl Gideon",male,20.353597539455457,0,0,347069,7.775,,S
381,1,1,"Bidois, Miss. Rosalie",female,40.95849236008365,0,0,PC 17757,227.525,,C
382,1,3,"Nakid, Miss. Maria (""Mary"")",female,0.3776113452558426,0,2,2653,15.7417,,C
383,0,3,"Tikkanen, Mr. Juho",male,32.69422181447511,0,0,STON/O 2. 3101293,7.925,,S
384,1,1,"Holverson, Mrs. Alexander Oskar (Mary Aline Towner)",female,34.9216767437429,1,0,113789,52.0,,S
385,0,3,"Plotcharsky, Mr. Vasil",male,27.22419760780196,0,0,349227,7.8958,,S
386,0,2,"Davies, Mr. Charles Henry",male,19.353762089381917,0,0,S.O.C. 14879,73.5,,S
387,0,3,"Goodwin, Master. Sidney Leonard",male,1.477764666921987,5,2,CA 2144,46.9,,S
388,1,2,"Buss, Miss. Kate",female,36.89021691650421,0,0,27849,13.0,,S
390,1,2,"Lehmann, Miss. Bertha",female,17.5238721895331,0,0,SC 1748,12.0,,C
391,1,1,"Carter, Mr. William Ernest",male,35.888991132225925,1,2,113760,120.0,B96 B98,S
392,1,3,"Jansson, Mr. Carl Olof",male,20.955311730402485,0,0,350034,7.7958,,S
393,0,3,"Gustafsson, Mr. Johan Birger",male,26.073206221848782,2,0,3101277,7.925,,S
394,1,1,"Newell, Miss. Marjorie",female,23.452515347452024,1,0,35273,113.275,D36,C
395,1,3,"Sandstrom, Mrs. Hjalmar (Agnes Charlotta Bengtsson)",female,23.698258558217965,0,2,PP 9549,16.7,G6,S
396,0,3,"Johansson, Mr. Erik",male,23.282529855950465,0,0,350052,7.7958,,S
398,0,2,"McKane, Mr. Peter David",male,45.655885896789755,0,0,28403,26.0,,S
399,0,2,"Pain, Dr. Alfred",male,22.054527776016037,0,0,244278,10.5,,S
400,1,2,"Trout, Mrs. William H (Jessie L)",female,28.190519976627762,0,0,240929,12.65,,S
401,1,3,"Niskanen, Mr. Juha",male,39.564062773117996,0,0,STON/O 2. 3101289,7.925,,S
402,0,3,"Adams, Mr. John",male,25.263715522535055,0,0,341826,8.05,,S
403,0,3,"Jussila, Miss. Mari Aina",female,22.281375802051805,1,0,4137,9.825,,S
404,0,3,"Hakkarainen, Mr. Pekka Pietari",male,28.774668367598174,1,0,STON/O2. 3101279,15.85,,S
405,0,3,"Oreskovic, Miss. Marija",female,20.883527081831453,0,0,315096,8.6625,,S
406,0,2,"Gale, Mr. Shadrach",male,33.60806847587686,1,0,28664,21.0,,S
407,0,3,"Widegren, Mr. Carl/Charles Peter",male,50.08388352044645,0,0,347064,7.75,,S
408,1,2,"Richards, Master. William Rowe",male,2.7574307556391817,1,1,29106,18.75,,S
410,0,3,"Lefebre, Miss. Ida",female,29.36907121924554,3,1,4133,25.4667,,S
411,0,3,"Sdycoff, Mr. Todor",male,27.042713798493075,0,0,349222,7.8958,,S
412,0,3,"Hart, Mr. Henry",male,28.179295884407694,0,0,394140,6.8583,,Q
413,1,1,"Minahan, Miss. Daisy E",female,34.01600104090177,1,0,19928,90.0,C78,Q
414,0,2,"Cunningham, Mr. Alfred Fleming",male,28.99205849695097,0,0,239853,0.0,,S
415,1,3,"Sundman, Mr. Johan Julian",male,45.75236315106225,0,0,STON/O 2. 3101269,7.925,,S
416,0,3,"Meek, Mrs. Thomas (Annie Louise Rowley)",female,28.024104778373655,0,0,343095,8.05,,S
417,1,2,"Drew, Mrs. James Vivian (Lulu Thorne Christian)",female,34.133677475475594,1,1,28220,32.5,,S
418,1,2,"Silven, Miss. Lyyli Karoliina",female,19.412219498995967,0,2,250652,13.0,,S
419,0,2,"Matthews, Mr. William John",male,30.278290072427048,0,0,28228,13.0,,S
420,0,3,"Van Impe, Miss. Catharina",female,10.476293746034605,0,2,345773,24.15,,S
421,0,3,"Gheorgheff, Mr. Stanio",male,26.417642814717993,0,0,349254,7.8958,,C
422,0,3,"Charters, Mr. David",male,20.42324946810795,0,0,A/5. 13032,7.7333,,Q
424,0,3,"Danbom, Mrs. Ernst Gilbert (Anna Sigrid Maria Brogren)",female,26.392255887885838,1,1,347080,14.4,,S
425,0,3,"Rosblom, Mr. Viktor Richard",male,16.93410464235242,1,1,370129,20.2125,,S
426,0,3,"Wiseman, Mr. Phillippe",male,27.63435124847624,0,0,A/4. 34244,7.25,,S
428,1,2,"Phillips, Miss. Kate Florence (""Mrs Kate Louise Phillips Marshall"")",female,19.56020310286541,0,0,250655,26.0,,S
429,0,3,"Flynn, Mr. James",male,28.99442233431086,0,0,364851,7.75,,Q
430,1,3,"Pickard, Mr. Berk (Berk Trembisky)",male,32.231672986028016,0,0,SOTON/O.Q. 392078,8.05,E10,S
431,1,1,"Bjornstrom-Steffansson, Mr. Mauritz Hakan",male,27.673451430692662,0,0,110564,26.55,C52,S
432,1,3,"Thorneycroft, Mrs. Percival (Florence Kate White)",female,26.87747199517718,1,0,376564,16.1,,S
433,1,2,"Louch, Mrs. Charles Alexander (Alice Adelaide Slow)",female,42.826159897631065,1,0,SC/AH 3085,26.0,,S
434,0,3,"Kallio, Mr. Nikolai Erland",male,19.440273088442137,0,0,STON/O 2. 3101274,7.125,,S
435,0,1,"Silvey, Mr. William Baird",male,48.51703106359575,1,0,13507,55.9,E44,S
436,1,1,"Carter, Miss. Lucile Polk",female,12.518280944381502,1,2,113760,120.0,B96 B98,S
437,0,3,"Ford, Miss. Doolina Margaret ""Daisy""",female,20.601525527898808,2,2,W./C. 6608,34.375,,S
438,1,2,"Richards, Mrs. Sidney (Emily Hocking)",female,23.73009622641742,2,3,29106,18.75,,S
439,0,1,"Fortune, Mr. Mark",male,65.15618223501905,1,4,19950,263.0,C23 C25 C27,S
441,1,2,"Hart, Mrs. Benjamin (Esther Ada Bloomfield)",female,43.268398129787066,1,1,F.C.C. 13529,26.25,,S
442,0,3,"Hampe, Mr. Leon",male,19.548153389496274,0,0,345769,9.5,,S
443,0,3,"Petterson, Mr. Johan Emil",male,26.890252497694803,1,0,347076,7.775,,S
444,1,2,"Reynaldo, Ms. Encarnacion",female,27.198344036189603,0,0,230434,13.0,,S
445,1,3,"Johannesen-Bratthammer, Mr. Bernt",male,27.79445421656638,0,0,65306,8.1125,,S
446,1,1,"Dodge, Master. Washington",male,4.969299511836031,0,2,33638,81.8583,A34,S
450,1,1,"Peuchen, Major. Arthur Godfrey",male,51.893315075503146,0,0,113786,30.5,C104,S
451,0,2,"West, Mr. Edwy Arthur",male,35.76935932530671,1,2,C.A. 34651,27.75,,S
452,0,3,"Hagland, Mr. Ingvald Olai Olsen",male,28.340685803876923,1,0,65303,19.9667,,S
453,0,1,"Foreman, Mr. Benjamin Laventall",male,30.20694121582868,0,0,113051,27.75,C111,C
454,1,1,"Goldenberg, Mr. Samuel L",male,47.08959564461842,1,0,17453,89.1042,C92,C
455,0,3,"Peduzzi, Mr. Joseph",male,27.60443422234249,0,0,A/5 2817,8.05,,S
456,1,3,"Jalsevac, Mr. Ivan",male,29.62111674042287,0,0,349240,7.8958,,C
457,0,1,"Millet, Mr. Francis Davis",male,63.83320785607634,0,0,13509,26.55,E38,S
458,1,1,"Kenyon, Mrs. Frederick R (Marion)",female,28.637657837494753,1,0,17464,51.8625,D21,S
459,1,2,"Toomey, Miss. Ellen",female,50.05310266358098,0,0,F.C.C. 13531,10.5,,S
460,0,3,"O'Connor, Mr. Maurice",male,28.372149837623702,0,0,371060,7.75,,Q
461,1,1,"Anderson, Mr. Harry",male,48.29149055114945,0,0,19952,26.55,E12,S
462,0,3,"Morley, Mr. William",male,32.96753616561803,0,0,364506,8.05,,S
463,0,1,"Gee, Mr. Arthur H",male,48.69375764502189,0,0,111320,38.5,E63,S
464,0,2,"Milling, Mr. Jacob Christian",male,46.28369256826174,0,0,234360,13.0,,S
465,0,3,"Maisner, Mr. Simon",male,27.882421216974862,0,0,A/S 2816,8.05,,S
466,0,3,"Goncalves, Mr. Manuel Estanslas",male,38.24677919630917,0,0,SOTON/O.Q. 3101306,7.05,,S
467,0,2,"Campbell, Mr. William",male,27.912537595263217,0,0,239853,0.0,,S
468,0,1,"Smart, Mr. John Montgomery",male,55.70510089636479,0,0,113792,26.55,,S
469,0,3,"Scanlan, Mr. James",male,26.39255452341379,0,0,36209,7.725,,Q
470,1,3,"Baclini, Miss. Helene Barbara",female,1.2806685697663813,2,1,2666,19.2583,,C
471,0,3,"Keefe, Mr. Arthur",male,26.964570475747184,0,0,323592,7.25,,S
472,0,3,"Cacic, Mr. Luka",male,37.26110474038593,0,0,315089,8.6625,,S
473,1,2,"West, Mrs. Edwy Arthur (Ada Mary Worth)",female,32.57595386399252,1,2,C.A. 34651,27.75,,S
474,1,2,"Jerwan, Mrs. Amin S (Marie Marthe Thuillard)",female,21.72876211318745,0,0,SC/AH Basle 541,13.7917,D,C
475,0,3,"Strandberg, Miss. Ida Sofia",female,21.847364828837595,0,0,7553,9.8375,,S
476,0,1,"Clifford, Mr. George Quincy",male,27.33949796295429,0,0,110465,52.0,A14,S
477,0,2,"Renouf, Mr. Peter Henry",male,32.331682625303294,1,0,31027,21.0,,S
479,0,3,"Karlsson, Mr. Nils August",male,21.653897388430845,0,0,350060,7.5208,,S
480,1,3,"Hirvonen, Miss. Hildur E",female,1.144754355285421,0,1,3101298,12.2875,,S
481,0,3,"Goodwin, Master. Harold Victor",male,8.981397001298584,5,2,CA 2144,46.9,,S
482,0,2,"Frost, Mr. Anthony Wood ""Archie""",male,26.34414423352968,0,0,239854,0.0,,S
483,0,3,"Rouse, Mr. Richard Henry",male,51.48340340994845,0,0,A/5 3594,8.05,,S
484,1,3,"Turkula, Mrs. (Hedwig)",female,61.76604165704422,0,0,4134,9.5875,,S
485,1,1,"Bishop, Mr. Dickinson H",male,26.457372468524625,1,0,11967,91.0792,B49,C
487,1,1,"Hoyt, Mrs. Frederick Maxfield (Jane Anne Forby)",female,35.81694776211911,1,0,19943,90.0,C93,S
488,0,1,"Kent, Mr. Edward Austin",male,56.55370435740334,0,0,11771,29.7,B37,C
489,0,3,"Somerton, Mr. Francis William",male,30.045190822417418,0,0,A.5. 18509,8.05,,S
490,1,3,"Coutts, Master. Eden Leslie ""Neville""",male,9.14415765596441,1,1,C.A. 37671,15.9,,S
491,0,3,"Hagland, Mr. Konrad Mathias Reiersen",male,26.845880086393265,1,0,65304,19.9667,,S
492,0,3,"Windelov, Mr. Einar",male,22.651933280936337,0,0,SOTON/OQ 3101317,7.25,,S
493,0,1,"Molson, Mr. Harry Markland",male,55.50881778869242,0,0,113787,30.5,C30,S
495,0,3,"Stanley, Mr. Edward Roland",male,21.239414009734638,0,0,A/4 45380,8.05,,S
496,0,3,"Yousseff, Mr. Gerious",male,27.75208042026111,0,0,2627,14.4583,,C
497,1,1,"Eustis, Miss. Elizabeth Mussey",female,54.31717664857174,1,0,36947,78.2667,D20,C
498,0,3,"Shellard, Mr. Frederick William",male,27.38495509509173,0,0,C.A. 6212,15.1,,S
499,0,1,"Allison, Mrs. Hudson J C (Bessie Waldo Daniels)",female,22.161887906874608,1,2,113781,151.55,C22 C26,S
500,0,3,"Svensson, Mr. Olof",male,24.189548412365102,0,0,350035,7.7958,,S
501,0,3,"Calic, Mr. Petar",male,16.91221446350752,0,0,315086,8.6625,,S
502,0,3,"Canavan, Miss. Mary",female,22.010060761410383,0,0,364846,7.75,,Q
503,0,3,"O'Sullivan, Miss. Bridget Mary",female,26.805401554123993,0,0,330909,7.6292,,Q
504,0,3,"Laitinen, Miss. Kristina Sofia",female,37.1315550384732,0,0,4135,9.5875,,S
505,1,1,"Maioni, Miss. Roberta",female,18.256955319901795,0,0,110152,86.5,B79,S
506,0,1,"Penasco y Castellana, Mr. Victor de Satode",male,18.40941946582459,1,0,PC 17758,108.9,C65,C
507,1,2,"Quick, Mrs. Frederick Charles (Jane Richards)",female,35.176455809990266,0,2,26360,26.0,,S
508,1,1,"Bradley, Mr. George (""George Arthur Brayton"")",male,26.241221715661542,0,0,111427,26.55,,S
509,0,3,"Olsen, Mr. Henry Margido",male,26.30765893854862,0,0,C 4001,22.525,,S
510,1,3,"Lang, Mr. Fang",male,26.349692098390843,0,0,1601,56.4958,,S
511,1,3,"Daly, Mr. Eugene Patrick",male,30.220384726074016,0,0,382651,7.75,,Q
512,0,3,"Webber, Mr. James",male,29.28957649366778,0,0,SOTON/OQ 3101316,8.05,,S
513,1,1,"McGough, Mr. James Robert",male,35.67958413229626,0,0,PC 17473,26.2875,E25,S
514,1,1,"Rothschild, Mrs. Martin (Elizabeth L. Barrett)",female,52.859096919969275,1,0,PC 17603,59.4,,C
515,0,3,"Coleff, Mr. Satio",male,24.338680249350208,0,0,349209,7.4958,,S
516,0,1,"Walker, Mr. William Anderson",male,47.5497299973134,0,0,36967,34.0208,D46,S
517,1,2,"Lemore, Mrs. (Amelia Milley)",female,34.162432572385036,0,0,C.A. 34260,10.5,F33,S
518,0,3,"Ryan, Mr. Patrick",male,28.033509715828334,0,0,371110,24.15,,Q
519,1,2,"Angle, Mrs. William A (Florence ""Mary"" Agnes Hughes)",female,35.84164824269139,1,0,226875,26.0,,S
520,0,3,"Pavlovic, Mr. Stefo",male,31.02762786046962,0,0,349242,7.8958,,S
521,1,1,"Perreault, Miss. Anne",female,27.994009217773247,0,0,12749,93.5,B73,S
522,0,3,"Vovk, Mr. Janko",male,22.4533980290039,0,0,349252,7.8958,,S
523,0,3,"Lahoud, Mr. Sarkis",male,27.156056219311242,0,0,2624,7.225,,C
524,1,1,"Hippach, Mrs. Louis Albert (Ida Sophia Fischer)",female,44.471065624802925,0,1,111361,57.9792,B18,C
525,0,3,"Kassem, Mr. Fared",male,28.71796770440192,0,0,2700,7.2292,,C
526,0,3,"Farrell, Mr. James",male,40.059895160224464,0,0,367232,7.75,,Q
527,1,2,"Ridsdale, Miss. Lucy",female,48.61416681693045,0,0,W./C. 14258,10.5,,S
528,0,1,"Farthing, Mr. John",male,29.062891029407762,0,0,PC 17483,221.7792,C95,S
529,0,3,"Salonen, Mr. Johan Werner",male,38.15955118007093,0,0,3101296,7.925,,S
530,0,2,"Hocking, Mr. Richard George",male,23.2638806846524,2,1,29104,11.5,,S
531,1,2,"Quick, Miss. Phyllis May",female,3.8353463827166685,1,1,26360,26.0,,S
532,0,3,"Toufik, Mr. Nakli",male,29.380754854173077,0,0,2641,7.2292,,C
534,1,3,"Peter, Mrs. Catherine (Catherine Rizk)",female,27.8602481776277,0,2,2668,22.3583,,C
535,0,3,"Cacic, Miss. Marija",female,30.850919844265306,0,0,315084,8.6625,,S
536,1,2,"Hart, Miss. Eva Miriam",female,6.653481919379914,0,2,F.C.C. 13529,26.25,,S
537,0,1,"Butt, Major. Archibald Willingham",male,44.7014710634071,0,0,113050,26.55,B38,S
538,1,1,"LeRoy, Miss. Bertha",female,28.71963047657333,0,0,PC 17761,106.425,,C
541,1,1,"Crosby, Miss. Harriet R",female,35.16619874793091,0,2,WE/P 5735,71.0,B22,S
543,0,3,"Andersson, Miss. Sigrid Elisabeth",female,9.746096544566829,4,2,347082,31.275,,S
544,1,2,"Beane, Mr. Edward",male,31.08494333768891,1,0,2908,26.0,,S
545,0,1,"Douglas, Mr. Walter Donald",male,51.318228661239324,1,0,PC 17761,106.425,C86,C
546,0,1,"Nicholson, Mr. Arthur Ernest",male,64.02929487689131,0,0,693,26.0,,S
547,1,2,"Beane, Mrs. Edward (Ethel Clarke)",female,19.767239293296957,1,0,2908,26.0,,S
548,1,2,"Padro y Manent, Mr. Julian",male,28.79219885885523,0,0,SC/PARIS 2146,13.8625,,C
549,0,3,"Goldsmith, Mr. Frank John",male,31.475438539942033,1,1,363291,20.525,,S
550,1,2,"Davies, Master. John Morgan Jr",male,6.9578394228819604,1,1,C.A. 33112,36.75,,S
551,1,1,"Thayer, Mr. John Borland Jr",male,16.523513193086934,0,2,17421,110.8833,C70,C
552,0,2,"Sharp, Mr. Percival James R",male,27.28798672927085,0,0,244358,26.0,,S
553,0,3,"O'Brien, Mr. Timothy",male,26.450610629553957,0,0,330979,7.8292,,Q
554,1,3,"Leeni, Mr. Fahim (""Philip Zenni"")",male,21.472359829698004,0,0,2620,7.225,,C
555,1,3,"Ohman, Miss. Velin",female,22.213846380874397,0,0,347085,7.775,,S
556,0,1,"Wright, Mr. George",male,62.41633325704281,0,0,113807,26.55,,S
557,1,1,"Duff Gordon, Lady. (Lucille Christiana Sutherland) (""Mrs Morgan"")",female,47.141603187030185,1,0,11755,39.6,A16,C
558,0,1,"Robbins, Mr. Victor",male,28.53071042020641,0,0,PC 17757,227.525,,C
559,1,1,"Taussig, Mrs. Emil (Tillie Mandelbaum)",female,38.20726961571193,1,1,110413,79.65,E67,S
560,1,3,"de Messemaeker, Mrs. Guillaume Joseph (Emma)",female,36.810508762123554,1,0,345572,17.4,,S
561,0,3,"Morrow, Mr. Thomas Rowan",male,28.137370507315712,0,0,372622,7.75,,Q
562,0,3,"Sivic, Mr. Husein",male,40.44333982940029,0,0,349251,7.8958,,S
563,0,2,"Norman, Mr. Robert Douglas",male,27.254653283067448,0,0,218629,13.5,,S
564,0,3,"Simmons, Mr. John",male,30.196720037922272,0,0,SOTON/OQ 392082,8.05,,S
565,0,3,"Meanwell, Miss. (Marion Ogden)",female,25.64740860613479,0,0,SOTON/O.Q. 392087,8.05,,S
566,0,3,"Davies, Mr. Alfred J",male,23.686706373717275,2,0,A/4 48871,24.15,,S
567,0,3,"Stoytcheff, Mr. Ilia",male,18.72733142571265,0,0,349205,7.8958,,S
568,0,3,"Palsson, Mrs. Nils (Alma Cornelia Berglund)",female,28.66732270902365,0,4,349909,21.075,,S
569,0,3,"Doharr, Mr. Tannous",male,26.451979540514394,0,0,2686,7.2292,,C
570,1,3,"Jonsson, Mr. Carl",male,32.677401909145516,0,0,350417,7.8542,,S
571,1,2,"Harris, Mr. George",male,62.42259227905667,0,0,S.W./PP 752,10.5,,S
572,1,1,"Appleton, Mrs. Edward Dale (Charlotte Lamson)",female,52.99611122611551,2,0,11769,51.4792,C101,S
573,1,1,"Flynn, Mr. John Irwin (""Irving"")",male,37.73678400288898,0,0,PC 17474,26.3875,E25,S
574,1,3,"Kelly, Miss. Mary",female,27.283952693583323,0,0,14312,7.75,,Q
575,0,3,"Rush, Mr. Alfred George John",male,15.411811377702138,0,0,A/4. 20589,8.05,,S
576,0,3,"Patchett, Mr. George",male,16.42436111810702,0,0,358585,14.5,,S
577,1,2,"Garside, Miss. Ethel",female,34.09584688121277,0,0,243880,13.0,,S
578,1,1,"Silvey, Mrs. William Baird (Alice Munger)",female,37.956888952186326,1,0,13507,55.9,E44,S
579,0,3,"Caram, Mrs. Joseph (Maria Elias)",female,28.053108977286527,1,0,2689,14.4583,,C
580,1,3,"Jussila, Mr. Eiriik",male,32.65272018707678,0,0,STON/O 2. 3101286,7.925,,S
581,1,2,"Christy, Miss. Julie Rachel",female,26.49211633390126,1,1,237789,30.0,,S
582,1,1,"Thayer, Mrs. John Borland (Marian Longstreth Morris)",female,39.17197047819963,1,1,17421,110.8833,C68,C
583,0,2,"Downton, Mr. William James",male,54.54093650613376,0,0,28403,26.0,,S
584,0,1,"Ross, Mr. John Hugo",male,34.918647236052855,0,0,13049,40.125,A10,C
585,0,3,"Paulner, Mr. Uscher",male,28.262613078980518,0,0,3411,8.7125,,C
587,0,2,"Jarvis, Mr. John Denzil",male,48.38179940058892,0,0,237565,15.0,,S
588,1,1,"Frolicher-Stehli, Mr. Maxmillian",male,60.521218609222025,1,1,13567,79.2,B41,C
589,0,3,"Gilinski, Mr. Eliezer",male,21.2171483640639,0,0,14973,8.05,,S
590,0,3,"Murdlin, Mr. Joseph",male,28.851904528591813,0,0,A./5. 3235,8.05,,S
591,0,3,"Rintamaki, Mr. Matti",male,34.563841937060545,0,0,STON/O 2. 3101273,7.125,,S
593,0,3,"Elsbury, Mr. William James",male,46.45500943390931,0,0,A/5 3902,7.25,,S
594,0,3,"Bourke, Miss. Mary",female,26.84686685151536,0,2,364848,7.75,,Q
595,0,2,"Chapman, Mr. John Henry",male,39.198539461617735,1,0,SC/AH 29037,26.0,,S
596,0,3,"Van Impe, Mr. Jean Baptiste",male,33.758171051137985,1,1,345773,24.15,,S
597,1,2,"Leitch, Miss. Jessie Wills",female,28.50977289794944,0,0,248727,33.0,,S
598,0,3,"Johnson, Mr. Alfred",male,48.714572620371726,0,0,LINE,0.0,,S
599,0,3,"Boulos, Mr. Hanna",male,28.036289281550403,0,0,2664,7.225,,C
600,1,1,"Duff Gordon, Sir. Cosmo Edmund (""Mr Morgan"")",male,50.22698913473195,1,0,PC 17485,56.9292,A20,C
601,1,2,"Jacobsohn, Mrs. Sidney Samuel (Amy Frances Christy)",female,23.452620308496947,2,1,243847,27.0,,S
602,0,3,"Slabenoff, Mr. Petco",male,28.63724999570868,0,0,349214,7.8958,,S
603,0,1,"Harrington, Mr. Charles H",male,28.631023500867187,0,0,113796,42.4,,S
604,0,3,"Torber, Mr. Ernst William",male,43.85329579096182,0,0,364511,8.05,,S
605,1,1,"Homer, Mr. Harry (""Mr E Haven"")",male,34.723049395187246,0,0,111426,26.55,,C
607,0,3,"Karaic, Mr. Milan",male,29.54921285035526,0,0,349246,7.8958,,S
608,1,1,"Daniel, Mr. Robert Williams",male,27.457420350450196,0,0,113804,30.5,,S
609,1,2,"Laroche, Mrs. Joseph (Juliette Marie Louise Lafargue)",female,24.250121641206416,1,2,SC/Paris 2123,41.5792,,C
610,1,1,"Shutes, Miss. Elizabeth W",female,41.253477516335565,0,0,PC 17582,153.4625,C125,S
611,0,3,"Andersson, Mrs. Anders Johan (Alfrida Konstantia Brogren)",female,38.174171104138956,1,5,347082,31.275,,S
612,0,3,"Jardin, Mr. Jose Neto",male,28.116255875134428,0,0,SOTON/O.Q. 3101305,7.05,,S
613,1,3,"Murphy, Miss. Margaret Jane",female,27.80647333984216,1,0,367230,15.5,,Q
614,0,3,"Horgan, Mr. John",male,28.627338433359828,0,0,370377,7.75,,Q
615,0,3,"Brocklebank, Mr. William Alfred",male,34.81307677787851,0,0,364512,8.05,,S
616,1,2,"Herman, Miss. Alice",female,21.571663241875903,1,2,220845,65.0,,S
617,0,3,"Danbom, Mr. Ernst Gilbert",male,35.282741302589365,1,1,347080,14.4,,S
618,0,3,"Lobb, Mrs. William Arthur (Cordelia K Stanlick)",female,27.521871963407147,1,0,A/5. 3336,16.1,,S
619,1,2,"Becker, Miss. Marion Louise",female,4.106193736335608,2,1,230136,39.0,F4,S
620,0,2,"Gavey, Mr. Lawrence",male,26.579293744657082,0,0,31028,10.5,,S
623,1,3,"Nakid, Mr. Sahid",male,20.243376175073735,1,1,2653,15.7417,,C
624,0,3,"Hansen, Mr. Henry Damsgaard",male,21.836655455810686,0,0,350029,7.8542,,S
625,0,3,"Bowen, Mr. David John ""Dai""",male,20.944019218624327,0,0,54636,16.1,,S
627,0,2,"Kirkland, Rev. Charles Leonard",male,56.832800181772484,0,0,219533,12.35,,Q
628,1,1,"Longley, Miss. Gretchen Fiske",female,21.563015910078963,0,0,13502,77.9583,D9,S
629,0,3,"Bostandyeff, Mr. Guentcho",male,25.982541651753767,0,0,349224,7.8958,,S
630,0,3,"O'Connell, Mr. Patrick D",male,27.13186196584901,0,0,334912,7.7333,,Q
631,1,1,"Barkworth, Mr. Algernon Henry Wilson",male,79.54139735644806,0,0,27042,30.0,A23,S
632,0,3,"Lundahl, Mr. Johan Svensson",male,50.95072500438836,0,0,347743,7.0542,,S
633,1,1,"Stahelin-Maeglin, Dr. Max",male,32.564393229286715,0,0,13214,30.5,B50,C
634,0,1,"Parr, Mr. William Henry Marsh",male,28.982633856931045,0,0,112052,0.0,,S
635,0,3,"Skoog, Miss. Mabel",female,9.522272578871089,3,2,347088,27.9,,S
636,1,2,"Davis, Miss. Mary",female,29.31658626817861,0,0,237668,13.0,,S
637,0,3,"Leinonen, Mr. Antti Gustaf",male,31.554489137670593,0,0,STON/O 2. 3101292,7.925,,S
638,0,2,"Collyer, Mr. Harvey",male,31.36653607454924,1,1,C.A. 31921,26.25,,S
639,0,3,"Panula, Mrs. Juha (Maria Emilia Ojala)",female,40.43132915215587,0,5,3101295,39.6875,,S
640,0,3,"Thorneycroft, Mr. Percival",male,30.206426462621245,1,0,376564,16.1,,S
641,0,3,"Jensen, Mr. Hans Peder",male,20.756310948777546,0,0,350050,7.8542,,S
642,1,1,"Sagesser, Mlle. Emma",female,24.28138277082272,0,0,PC 17477,69.3,B35,C
643,0,3,"Skoog, Miss. Margit Elizabeth",female,2.040940146633249,3,2,347088,27.9,,S
644,1,3,"Foo, Mr. Choong",male,27.6820972755046,0,0,1601,56.4958,,S
645,1,3,"Baclini, Miss. Eugenie",female,0.14441942304650357,2,1,2666,19.2583,,C
646,1,1,"Harper, Mr. Henry Sleeper",male,48.12234921493974,1,0,PC 17572,76.7292,D33,C
647,0,3,"Cor, Mr. Liudevit",male,19.293635908108023,0,0,349231,7.8958,,S
648,1,1,"Simonius-Blumer, Col. Oberst Alfons",male,55.874000520600546,0,0,13213,35.5,A26,C
649,0,3,"Willey, Mr. Edward",male,28.375095538397463,0,0,S.O./P.P. 751,7.55,,S
650,1,3,"Stanley, Miss. Amy Zillah Elsie",female,24.198081968758387,0,0,CA. 2314,7.55,,S
651,0,3,"Mitkoff, Mr. Mito",male,27.740535058940075,0,0,349221,7.8958,,S
652,1,2,"Doling, Miss. Elsie",female,17.136230034237855,0,1,231919,23.0,,S
653,0,3,"Kalvik, Mr. Johannes Halvorsen",male,22.376249882732996,0,0,8475,8.4333,,S
655,0,3,"Hegarty, Miss. Hanora ""Nora""",female,17.919942885847938,0,0,365226,6.75,,Q
656,0,2,"Hickman, Mr. Leonard Mark",male,22.695947523899363,2,0,S.O.C. 14879,73.5,,S
657,0,3,"Radeff, Mr. Alexander",male,29.13276046779314,0,0,349223,7.8958,,S
658,0,3,"Bourke, Mrs. John (Catherine)",female,30.421541101484884,1,1,364849,15.5,,Q
659,0,2,"Eitemiller, Mr. George Floyd",male,21.4379935653715,0,0,29751,13.0,,S
661,1,1,"Frauenthal, Dr. Henry William",male,50.42272001386352,2,0,PC 17611,133.65,,S
662,0,3,"Badt, Mr. Mohamed",male,40.598781810485505,0,0,2623,7.225,,C
663,0,1,"Colley, Mr. Edward Pomeroy",male,45.97530262462479,0,0,5727,25.5875,E58,S
664,0,3,"Coleff, Mr. Peju",male,36.14998958715612,0,0,349210,7.4958,,S
665,1,3,"Lindqvist, Mr. Eino William",male,18.922999736655363,1,0,STON/O 2. 3101285,7.925,,S
666,0,2,"Hickman, Mr. Lewis",male,33.33794182817179,2,0,S.O.C. 14879,73.5,,S
667,0,2,"Butler, Mr. Reginald Fenton",male,24.73862114423893,0,0,234686,13.0,,S
668,0,3,"Rommetvedt, Mr. Knud Paust",male,28.76665657310987,0,0,312993,7.775,,S
669,0,3,"Cook, Mr. Jacob",male,43.48465372647266,0,0,A/5 3536,8.05,,S
670,1,1,"Taylor, Mrs. Elmer Zebley (Juliet Cummins Wright)",female,27.87514355607441,1,0,19996,52.0,C126,S
671,1,2,"Brown, Mrs. Thomas William Solomon (Elizabeth Catherine Ford)",female,38.27192404240028,1,1,29750,39.0,,S
672,0,1,"Davidson, Mr. Thornton",male,30.239878969770874,1,0,F.C. 12750,52.0,B71,S
673,0,2,"Mitchell, Mr. Henry Michael",male,70.86891267261781,0,0,C.A. 24580,10.5,,S
675,0,2,"Watson, Mr. Ennis Hastings",male,29.421303867500484,0,0,239856,0.0,,S
676,0,3,"Edvardsson, Mr. Gustaf Hjalmar",male,16.194081871538913,0,0,349912,7.775,,S
677,0,3,"Sawyer, Mr. Frederick Charles",male,24.714766579955324,0,0,342826,8.05,,S
678,1,3,"Turja, Miss. Anna Sofia",female,19.82195865364058,0,0,4138,9.8417,,S
679,0,3,"Goodwin, Mrs. Frederick (Augusta Tyler)",female,42.249041714095796,1,6,CA 2144,46.9,,S
680,1,1,"Cardeza, Mr. Thomas Drake Martinez",male,38.578310464943115,0,1,PC 17755,512.3292,B51 B53 B55,C
681,0,3,"Peters, Miss. Katie",female,27.678074193043454,0,0,330935,8.1375,,Q
682,1,1,"Hassab, Mr. Hammad",male,28.624554559080437,0,0,PC 17572,76.7292,D49,C
684,0,3,"Goodwin, Mr. Charles Edward",male,13.819425114592645,5,2,CA 2144,46.9,,S
685,0,2,"Brown, Mr. Thomas William Solomon",male,60.638451714627315,1,1,29750,39.0,,S
686,0,2,"Laroche, Mr. Joseph Philippe Lemercier",male,25.319907616293758,1,2,SC/Paris 2123,41.5792,,C
687,0,3,"Panula, Mr. Jaako Arnold",male,13.976650297327385,4,1,3101295,39.6875,,S
688,0,3,"Dakic, Mr. Branko",male,18.825091033657753,0,0,349228,10.1708,,S
689,0,3,"Fischer, Mr. Eberhard Thelander",male,16.791775976674487,0,0,350036,7.7958,,S
690,1,1,"Madill, Miss. Georgette Alexandra",female,16.172217730595477,0,1,24160,211.3375,B5,S
691,1,1,"Dick, Mr. Albert Adrian",male,29.45820457895345,1,0,17474,57.0,B20,S
692,1,3,"Karun, Miss. Manca",female,3.9249481612510415,0,1,349256,13.4167,,C
693,1,3,"Lam, Mr. Ali",male,29.647729422430444,0,0,1601,56.4958,,S
694,0,3,"Saad, Mr. Khalil",male,26.109518289120164,0,0,2672,7.225,,C
695,0,1,"Weir, Col. John",male,60.67234187200974,0,0,113800,26.55,,S
696,0,2,"Chapman, Mr. Charles Henry",male,51.98460622982738,0,0,248731,13.5,,S
698,1,3,"Mullens, Miss. Katherine ""Katie""",female,28.347387223258508,0,0,35852,7.7333,,Q
699,0,1,"Thayer, Mr. John Borland",male,49.609411259340284,1,1,17421,110.8833,C68,C
700,0,3,"Humblen, Mr. Adolf Mathias Nicolai Olsen",male,41.64189071671268,0,0,348121,7.65,F G63,S
701,1,1,"Astor, Mrs. John Jacob (Madeleine Talmadge Force)",female,16.345979640921087,1,0,PC 17757,227.525,C62 C64,C
702,1,1,"Silverthorne, Mr. Spencer Victor",male,36.43164435341053,0,0,PC 17475,26.2875,E24,S
703,0,3,"Barbara, Miss. Saiide",female,18.22524042387047,0,1,2691,14.4542,,C
704,0,3,"Gallagher, Mr. Martin",male,24.8435706814995,0,0,36864,7.7417,,Q
705,0,3,"Hansen, Mr. Henrik Juul",male,25.112405549071052,1,0,350025,7.8542,,S
706,0,2,"Morley, Mr. Henry Samuel (""Mr Henry Marshall"")",male,37.72227671041425,0,0,250655,26.0,,S
707,1,2,"Kelly, Mrs. Florence ""Fannie""",female,44.51831050148019,0,0,223596,13.5,,S
708,1,1,"Calderhead, Mr. Edward Pennington",male,43.134351592301826,0,0,PC 17476,26.2875,E24,S
709,1,1,"Cleaver, Miss. Alice",female,21.905884860091383,0,0,113781,151.55,,S
711,1,1,"Mayne, Mlle. Berthe Antonine (""Mrs de Villiers"")",female,24.139937853881886,0,0,PC 17482,49.5042,C90,C
712,0,1,"Klaber, Mr. Herman",male,29.196930985694088,0,0,113028,26.55,C124,S
714,0,3,"Larsson, Mr. August Viktor",male,27.996830755711663,0,0,7545,9.4833,,S
715,0,2,"Greenberg, Mr. Samuel",male,51.9318995022427,0,0,250647,13.0,,S
716,0,3,"Soholt, Mr. Peter Andreas Lauritz Andersen",male,16.907039360966372,0,0,348124,7.65,F G73,S
717,1,1,"Endres, Miss. Caroline Louise",female,36.27811230353252,0,0,PC 17757,227.525,C45,C
718,1,2,"Troutt, Miss. Edwina Celia ""Winnie""",female,26.78702370726998,0,0,34218,10.5,E101,S
719,0,3,"McEvoy, Mr. Michael",male,27.98820104331302,0,0,36568,15.5,,Q
720,0,3,"Johnson, Mr. Malkolm Joackim",male,32.0391953587882,0,0,347062,7.775,,S
722,0,3,"Jensen, Mr. Svend Lauritz",male,15.209715922632176,1,0,350048,7.0542,,S
723,0,2,"Gillespie, Mr. William Henry",male,33.347867509939924,0,0,12233,13.0,,S
724,0,2,"Hodges, Mr. Henry Price",male,48.25925015248044,0,0,250643,13.0,,S
725,1,1,"Chambers, Mr. Norman Campbell",male,26.639966685212574,1,0,113806,53.1,E8,S
726,0,3,"Oreskovic, Mr. Luka",male,20.805013557529417,0,0,315094,8.6625,,S
727,1,2,"Renouf, Mrs. Peter Henry (Lillian Jefferys)",female,29.640573974909067,3,0,31027,21.0,,S
728,1,3,"Mannion, Miss. Margareth",female,29.41963597628211,0,0,36866,7.7375,,Q
729,0,2,"Bryhl, Mr. Kurt Arnold Gottfrid",male,24.113282471127434,1,0,236853,26.0,,S
730,0,3,"Ilmakangas, Miss. Pieta Sofia",female,24.43635526697296,1,0,STON/O2. 3101271,7.925,,S
731,1,1,"Allen, Miss. Elisabeth Walton",female,27.568474581044004,0,0,24160,211.3375,B5,S
732,0,3,"Hassan, Mr. Houssein G N",male,10.929212393198604,0,0,2699,18.7875,,C
733,0,2,"Knight, Mr. Robert J",male,29.28310808416734,0,0,239855,0.0,,S
734,0,2,"Berriman, Mr. William John",male,22.611732425987725,0,0,28425,13.0,,S
735,0,2,"Troupiansky, Mr. Moses Aaron",male,23.042273355283452,0,0,233639,13.0,,S
736,0,3,"Williams, Mr. Leslie",male,29.440319278034686,0,0,54636,16.1,,S
737,0,3,"Ford, Mrs. Edward (Margaret Ann Watson)",female,48.653566005175094,1,3,W./C. 6608,34.375,,S
738,1,1,"Lesurer, Mr. Gustave J",male,35.11331136577443,0,0,PC 17755,512.3292,B101,C
739,0,3,"Ivanoff, Mr. Kanio",male,27.429778396213564,0,0,349201,7.8958,,S
741,1,1,"Hawksford, Mr. Walter James",male,27.685695983838364,0,0,16988,30.0,D45,S
742,0,1,"Cavendish, Mr. Tyrell William",male,36.366288254312465,1,0,19877,78.85,C46,S
743,1,1,"Ryerson, Miss. Susan Parker ""Suzette""",female,20.6580624101998,2,2,PC 17608,262.375,B57 B59 B63 B66,C
744,0,3,"McNamee, Mr. Neal",male,24.855610850709215,1,0,376566,16.1,,S
745,1,3,"Stranden, Mr. Juho",male,31.112922588047557,0,0,STON/O 2. 3101288,7.925,,S
746,0,1,"Crosby, Capt. Edward Gifford",male,68.59022143722856,1,1,WE/P 5735,71.0,B22,S
747,0,3,"Abbott, Mr. Rossmore Edward",male,15.471821688474197,1,1,C.A. 2673,20.25,,S
748,1,2,"Sinkkonen, Miss. Anna",female,29.88813020969779,0,0,250648,13.0,,S
749,0,1,"Marvin, Mr. Daniel Warner",male,19.905822925290824,1,0,113773,53.1,D30,S
750,0,3,"Connaghton, Mr. Michael",male,31.044189201601956,0,0,335097,7.75,,Q
751,1,2,"Wells, Miss. Joan",female,3.644340443375389,1,1,29103,23.0,,S
752,1,3,"Moor, Master. Meier",male,6.233531779246395,0,1,392096,12.475,E121,S
753,0,3,"Vande Velde, Mr. Johannes Joseph",male,33.29439557838232,0,0,345780,9.5,,S
754,0,3,"Jonkoff, Mr. Lalio",male,24.833903531117276,0,0,349204,7.8958,,S
755,1,2,"Herman, Mrs. Samuel (Jane Laver)",female,47.39191476776277,1,2,220845,65.0,,S
756,1,2,"Hamalainen, Master. Viljo",male,2.010477179702918,1,1,250649,14.5,,S
757,0,3,"Carlsson, Mr. August Sigfrid",male,28.680050828286618,0,0,350042,7.7958,,S
758,0,2,"Bailey, Mr. Percy Andrew",male,18.698863766398762,0,0,29108,11.5,,S
759,0,3,"Theobald, Mr. Thomas Leonard",male,33.850994151244436,0,0,363294,8.05,,S
760,1,1,"Rothes, the Countess. of (Lucy Noel Martha Dyer-Edwards)",female,33.66599457390497,0,0,110152,86.5,B77,S
761,0,3,"Garfirth, Mr. John",male,28.512563987584397,0,0,358585,14.5,,S
762,0,3,"Nirva, Mr. Iisakki Antino Aijo",male,41.43385983270874,0,0,SOTON/O2 3101272,7.125,,S
763,1,3,"Barah, Mr. Hanna Assi",male,20.190038038678274,0,0,2663,7.2292,,C
764,1,1,"Carter, Mrs. William Ernest (Lucile Polk)",female,36.75377218879763,1,2,113760,120.0,B96 B98,S
765,0,3,"Eklund, Mr. Hans Linus",male,15.791638621923651,0,0,347074,7.775,,S
766,1,1,"Hogeboom, Mrs. John C (Anna Andrews)",female,50.17726649957951,1,0,13502,77.9583,D11,S
767,0,1,"Brewe, Dr. Arthur Jackson",male,27.354976850582048,0,0,112379,39.6,,C
769,0,3,"Moran, Mr. Daniel J",male,27.905389127848736,1,0,371110,24.15,,Q
770,0,3,"Gronnestad, Mr. Daniel Danielsen",male,31.284597191727922,0,0,8471,8.3625,,S
771,0,3,"Lievens, Mr. Rene Aime",male,24.71137528052234,0,0,345781,9.5,,S
772,0,3,"Jensen, Mr. Niels Peder",male,47.16800224009038,0,0,350047,7.8542,,S
774,0,3,"Elias, Mr. Dibo",male,28.189345726517843,0,0,2674,7.225,,C
775,1,2,"Hocking, Mrs. Elizabeth (Eliza Needs)",female,53.2365839807294,1,3,29105,23.0,,S
776,0,3,"Myhrman, Mr. Pehr Fabian Oliver Malkolm",male,18.708366295193677,0,0,347078,7.75,,S
777,0,3,"Tobin, Mr. Roger",male,27.49205351143455,0,0,383121,7.75,F38,Q
778,1,3,"Emanuel, Miss. Virginia Ethel",female,3.27986768613307,0,0,364516,12.475,,S
780,1,1,"Robert, Mrs. Edward Scott (Elisabeth Walton McMillan)",female,42.62371245701025,0,1,24160,211.3375,B3,S
781,1,3,"Ayoub, Miss. Banoura",female,14.109691339688705,0,0,2687,7.2292,,C
782,1,1,"Dick, Mrs. Albert Adrian (Vera Gillespie)",female,17.350277972494897,1,0,17474,57.0,B20,S
783,0,1,"Long, Mr. Milton Clyde",male,29.045324426155716,0,0,113501,30.0,D6,S
784,0,3,"Johnston, Mr. Andrew G",male,28.293160985219686,1,2,W./C. 6607,23.45,,S
785,0,3,"Ali, Mr. William",male,25.97120061725285,0,0,SOTON/O.Q. 3101312,7.05,,S
786,0,3,"Harmer, Mr. Abraham (David Lishin)",male,26.211082021876642,0,0,374887,7.25,,S
787,1,3,"Sjoblom, Miss. Anna Sofia",female,17.210158445286968,0,0,3101265,7.4958,,S
788,0,3,"Rice, Master. George Hugh",male,6.540794579665866,4,1,382652,29.125,,Q
789,1,3,"Dean, Master. Bertram Vere",male,0.0,1,2,C.A. 2315,20.575,,S
790,0,1,"Guggenheim, Mr. Benjamin",male,44.234897052582895,0,0,PC 17593,79.2,B82 B84,C
792,0,2,"Gaskell, Mr. Alfred",male,15.575732088550021,0,0,239865,26.0,,S
793,0,3,"Sage, Miss. Stella Anna",female,27.482859220047047,8,2,CA. 2343,69.55,,S
795,0,3,"Dantcheff, Mr. Ristiu",male,26.276888726902033,0,0,349203,7.8958,,S
796,0,2,"Otter, Mr. Richard",male,37.670432009776064,0,0,28213,13.0,,S
797,1,1,"Leader, Dr. Alice (Farnham)",female,49.74932088395847,0,0,17465,25.9292,D17,S
798,1,3,"Osman, Mrs. Mara",female,29.58704260309362,0,0,349244,8.6833,,S
799,0,3,"Ibrahim Shawah, Mr. Yousseff",male,30.70534044975404,0,0,2685,7.2292,,C
800,0,3,"Van Impe, Mrs. Jean Baptiste (Rosalie Paula Govaert)",female,29.84678483306289,1,1,345773,24.15,,S
801,0,2,"Ponesell, Mr. Martin",male,34.5479537227707,0,0,250647,13.0,,S
802,1,2,"Collyer, Mrs. Harvey (Charlotte Annie Tate)",female,30.64314911365868,1,1,C.A. 31921,26.25,,S
804,1,3,"Thomas, Master. Assad Alexander",male,0.0,0,1,2625,8.5167,,C
805,1,3,"Hedman, Mr. Oskar Arvid",male,26.426392640064854,0,0,347089,6.975,,S
806,0,3,"Johansson, Mr. Karl Johan",male,32.43482330339641,0,0,347063,7.775,,S
807,0,1,"Andrews, Mr. Thomas Jr",male,37.788883059816726,0,0,112050,0.0,A36,S
808,0,3,"Pettersson, Miss. Ellen Natalia",female,18.471991806685267,0,0,347087,7.775,,S
809,0,2,"Meyer, Mr. August",male,39.214137424998455,0,0,248723,13.0,,S
810,1,1,"Chambers, Mrs. Norman Campbell (Bertha Griggs)",female,31.71529382035349,1,0,113806,53.1,E8,S
811,0,3,"Alexander, Mr. William",male,26.28836307103124,0,0,3474,7.8875,,S
812,0,3,"Lester, Mr. James",male,36.50049056876531,0,0,A/4 48871,24.15,,S
813,0,2,"Slemen, Mr. Richard James",male,35.75373686052112,0,0,28206,10.5,,S
814,0,3,"Andersson, Miss. Ebba Iris Alfrida",female,5.7780688246099725,4,2,347082,31.275,,S
815,0,3,"Tomlin, Mr. Ernest Portage",male,31.14120910375026,0,0,364499,8.05,,S
816,0,1,"Fry, Mr. Richard",male,30.74102848894307,0,0,112058,0.0,B102,S
817,0,3,"Heininen, Miss. Wendla Maria",female,23.855546249365027,0,0,STON/O2. 3101290,7.925,,S
818,0,2,"Mallet, Mr. Albert",male,31.486806762991453,1,1,S.C./PARIS 2079,37.0042,,C
819,0,3,"Holm, Mr. John Fredrik Alexander",male,40.76054474621545,0,0,C 7075,6.45,,S
822,1,3,"Lulic, Mr. Nikola",male,26.83797538396857,0,0,315098,8.6625,,S
824,1,3,"Moor, Mrs. (Beila)",female,27.053789258405086,0,1,392096,12.475,E121,S
825,0,3,"Panula, Master. Urho Abraham",male,2.7393498656769357,4,1,3101295,39.6875,,S
826,0,3,"Flynn, Mr. John",male,28.166348736486512,0,0,368323,6.95,,Q
827,0,3,"Lam, Mr. Len",male,26.85616647558412,0,0,1601,56.4958,,S
828,1,2,"Mallet, Master. Andre",male,0.019614177327695104,0,2,S.C./PARIS 2079,37.0042,,C
829,1,3,"McCormack, Mr. Thomas Joseph",male,26.834359234133455,0,0,367228,7.75,,Q
830,1,1,"Stone, Mrs. George Nelson (Martha Evelyn)",female,62.171075210428874,0,0,113572,80.0,B28,
831,1,3,"Yasbeck, Mrs. Antoni (Selini Alexander)",female,15.623920786229606,1,0,2659,14.4542,,C
832,1,2,"Richards, Master. George Sibley",male,0.8977790989937835,1,1,29106,18.75,,S
833,0,3,"Saad, Mr. Amin",male,27.556189344756767,0,0,2671,7.2292,,C
835,0,3,"Allum, Mr. Owen George",male,19.470637366579556,0,0,2223,8.3,,S
837,0,3,"Pasic, Mr. Jakob",male,20.007086248385445,0,0,315097,8.6625,,S
839,1,3,"Chip, Mr. Chang",male,31.41870534303356,0,0,1601,56.4958,,S
840,1,1,"Marechal, Mr. Pierre",male,27.0225290816297,0,0,11774,29.7,C47,C
842,0,2,"Mudd, Mr. Thomas Charles",male,16.061805159689147,0,0,S.O./P.P. 3,10.5,,S
844,0,3,"Lemberopolous, Mr. Peter L",male,34.58305744353221,0,0,2683,6.4375,,C
845,0,3,"Culumovic, Mr. Jeso",male,17.851733062342493,0,0,315090,8.6625,,S
846,0,3,"Abbing, Mr. Anthony",male,41.43237085575824,0,0,C.A. 5547,7.55,,S
847,0,3,"Sage, Mr. Douglas Bullen",male,29.3253046606361,8,2,CA. 2343,69.55,,S
848,0,3,"Markoff, Mr. Marin",male,34.79606371528893,0,0,349213,7.8958,,C
849,0,2,"Harper, Rev. John",male,27.973680641630143,0,1,248727,33.0,,S
850,1,1,"Goldenberg, Mrs. Samuel L (Edwiga Grabowska)",female,28.491304606496527,1,0,17453,89.1042,C92,C
851,0,3,"Andersson, Master. Sigvard Harald Elias",male,2.6870518690233656,4,2,347082,31.275,,S
852,0,3,"Svensson, Mr. Johan",male,74.86211364173876,0,0,347060,7.775,,S
853,0,3,"Boulos, Miss. Nourelain",female,9.394880031216244,1,1,2678,15.2458,,C
855,0,2,"Carter, Mrs. Ernest Courtenay (Lilian Hughes)",female,44.66424329430855,1,0,244252,26.0,,S
856,1,3,"Aks, Mrs. Sam (Leah Rosen)",female,17.89837039501148,0,1,392091,9.35,,S
857,1,1,"Wick, Mrs. George Dennick (Mary Hitchcock)",female,45.66768506927635,1,1,36928,164.8667,,S
858,1,1,"Daly, Mr. Peter Denis ",male,51.00871568971061,0,0,113055,26.55,E17,S
859,1,3,"Baclini, Mrs. Solomon (Latifa Qurban)",female,23.628469529866386,0,3,2666,19.2583,,C
860,0,3,"Razi, Mr. Raihed",male,25.991865641692144,0,0,2629,7.2292,,C
861,0,3,"Hansen, Mr. Claus Peter",male,41.12637468362072,2,0,350026,14.1083,,S
862,0,2,"Giles, Mr. Frederick Edward",male,20.95073759128051,1,0,28134,11.5,,S
863,1,1,"Swift, Mrs. Frederick Joel (Margaret Welles Barron)",female,46.515206680429806,0,0,17466,25.9292,D17,S
864,0,3,"Sage, Miss. Dorothy Edith ""Dolly""",female,27.417164013030494,8,2,CA. 2343,69.55,,S
865,0,2,"Gill, Mr. John William",male,23.878157167790995,0,0,233866,13.0,,S
866,1,2,"Bystrom, Mrs. (Karolina)",female,41.837320201100184,0,0,236852,13.0,,S
867,1,2,"Duran y More, Miss. Asuncion",female,27.425454583457864,1,0,SC/PARIS 2149,13.8583,,C
868,0,1,"Roebling, Mr. Washington Augustus II",male,29.900413599031797,0,0,PC 17590,50.4958,A24,S
869,0,3,"van Melkebeke, Mr. Philemon",male,27.07621622438218,0,0,345777,9.5,,S
870,1,3,"Johnson, Master. Harold Theodor",male,4.135111769681961,1,1,347742,11.1333,,S
871,0,3,"Balkic, Mr. Cerin",male,28.188182011051666,0,0,349248,7.8958,,S
872,1,1,"Beckwith, Mrs. Richard Leonard (Sallie Monypeny)",female,47.01412405672269,1,1,11751,52.5542,D35,S
873,0,1,"Carlsson, Mr. Frans Olof",male,33.04926769724104,0,0,695,5.0,B51 B53 B55,S
874,0,3,"Vander Cruyssen, Mr. Victor",male,48.48938159237373,0,0,345765,9.0,,S
875,1,2,"Abelson, Mrs. Samuel (Hannah Wizosky)",female,26.755811764314238,1,0,P/PP 3381,24.0,,C
876,1,3,"Najib, Miss. Adele Kiamie ""Jane""",female,14.781281748893221,0,0,2667,7.225,,C
877,0,3,"Gustafsson, Mr. Alfred Ossian",male,20.533528535105493,0,0,7534,9.8458,,S
879,0,3,"Laleff, Mr. Kristo",male,28.111025688918627,0,0,349217,7.8958,,S
880,1,1,"Potter, Mrs. Thomas Jr (Lily Alexenia Wilson)",female,56.27633748436025,0,1,11767,83.1583,C50,C
881,1,2,"Shelley, Mrs. William (Imanita Parrish Hall)",female,24.45924476965824,0,1,230433,26.0,,S
882,0,3,"Markun, Mr. Johann",male,32.197456058039094,0,0,349257,7.8958,,S
883,0,3,"Dahlberg, Miss. Gerda Ulrika",female,21.676556877663604,0,0,7552,10.5167,,S
884,0,2,"Banfield, Mr. Frederick James",male,27.142072700217415,0,0,C.A./SOTON 34068,10.5,,S
885,0,3,"Sutehall, Mr. Henry Jr",male,25.48666003679277,0,0,SOTON/OQ 392076,7.05,,S
886,0,3,"Rice, Mrs. William (Margaret Norton)",female,38.399257548105545,0,5,382652,29.125,,Q
888,1,1,"Graham, Miss. Margaret Edith",female,17.520397207447758,0,0,112053,30.0,B42,S
889,0,3,"Johnston, Miss. Catherine Helen ""Carrie""",female,27.406897048281024,1,2,W./C. 6607,23.45,,S
891,0,3,"Dooley, Mr. Patrick",male,32.973797432093,0,0,370376,7.75,,Q
